Filename	Seed	#Vars	#Clauses	Initial Temperature	Cooling Factor	Optimal found (SA)	Time (SA)	Population size	Tournament size	Mutation Prob.	%Mutation	%Elite	Optimal found (GA)	Time (GA)
test_data/jnh/jnh1.cnf	1678105989	100	850	61	0.005	850	0.0219637	100	5	60	1	5	848	0.82014
test_data/jnh/jnh1.cnf	1678105990	100	850	85	0.01	850	0.0300849	100	5	60	1	5	847	0.907402
test_data/jnh/jnh1.cnf	1678105991	100	850	86	0.01	849	0.0735705	100	5	60	1	5	848	0.918219
test_data/jnh/jnh1.cnf	1678105992	100	850	76	0.01	849	0.0794102	100	5	60	1	5	848	1.47291
test_data/jnh/jnh1.cnf	1678105994	100	850	76	0.01	849	0.0881456	100	5	60	1	5	848	0.876215
test_data/jnh/jnh1.cnf	1678105995	100	850	68	0.05	848	0.0229097	100	5	60	1	5	849	0.939039
test_data/jnh/jnh1.cnf	1678105995	100	850	68	0.1	848	0.00925531	100	5	60	1	5	846	0.89172
test_data/jnh/jnh1.cnf	1678105996	100	850	64	0.25	849	0.00734277	100	5	60	1	5	848	1.02451
test_data/jnh/jnh1.cnf	1678105997	100	850	77	0.5	846	0.00442702	100	5	60	1	5	846	0.935405
test_data/jnh/jnh1.cnf	1678105998	100	850	61	0.75	847	0.00252301	100	5	60	1	5	849	0.951981
test_data/jnh/jnh1.cnf	1678105999	100	850	73	0.9	849	0.00288269	100	5	60	1	5	848	0.911898
test_data/jnh/jnh10.cnf	1678106000	100	850	60	0.005	849	0.232825	100	5	60	1	5	846	0.913976
test_data/jnh/jnh10.cnf	1678106001	100	850	84	0.01	846	0.0849669	100	5	60	1	5	843	0.920564
test_data/jnh/jnh10.cnf	1678106002	100	850	66	0.01	846	0.132314	100	5	60	1	5	845	0.908145
test_data/jnh/jnh10.cnf	1678106003	100	850	62	0.01	846	0.094464	100	5	60	1	5	846	0.952802
test_data/jnh/jnh10.cnf	1678106005	100	850	77	0.01	847	0.164287	100	5	60	1	5	842	0.915359
test_data/jnh/jnh10.cnf	1678106006	100	850	87	0.05	849	0.0368903	100	5	60	1	5	846	0.943626
test_data/jnh/jnh10.cnf	1678106007	100	850	60	0.1	846	0.0127956	100	5	60	1	5	847	0.983364
test_data/jnh/jnh10.cnf	1678106008	100	850	65	0.25	848	0.00805268	100	5	60	1	5	846	0.980628
test_data/jnh/jnh10.cnf	1678106009	100	850	64	0.5	849	0.00564125	100	5	60	1	5	842	1.01233
test_data/jnh/jnh10.cnf	1678106010	100	850	76	0.75	846	0.0040367	100	5	60	1	5	844	0.939578
test_data/jnh/jnh10.cnf	1678106011	100	850	101	0.9	846	0.00320429	100	5	60	1	5	845	0.937066
test_data/jnh/jnh11.cnf	1678106012	100	850	80	0.005	848	0.763775	100	5	60	1	5	846	0.911419
test_data/jnh/jnh11.cnf	1678106013	100	850	68	0.01	846	0.121009	100	5	60	1	5	843	0.936
test_data/jnh/jnh11.cnf	1678106014	100	850	79	0.01	846	0.168335	100	5	60	1	5	844	0.964843
test_data/jnh/jnh11.cnf	1678106015	100	850	69	0.01	848	0.143509	100	5	60	1	5	842	1.0879
test_data/jnh/jnh11.cnf	1678106017	100	850	65	0.01	848	0.164543	100	5	60	1	5	845	0.959383
test_data/jnh/jnh11.cnf	1678106018	100	850	97	0.05	848	0.0373526	100	5	60	1	5	844	0.951928
test_data/jnh/jnh11.cnf	1678106019	100	850	85	0.1	848	0.0195094	100	5	60	1	5	847	0.976542
test_data/jnh/jnh11.cnf	1678106020	100	850	86	0.25	847	0.00776112	100	5	60	1	5	845	1.0505
test_data/jnh/jnh11.cnf	1678106021	100	850	71	0.5	845	0.00574614	100	5	60	1	5	848	0.981813
test_data/jnh/jnh11.cnf	1678106022	100	850	76	0.75	846	0.00774278	100	5	60	1	5	845	0.970269
test_data/jnh/jnh11.cnf	1678106023	100	850	77	0.9	848	0.00357195	100	5	60	1	5	844	0.985587
test_data/jnh/jnh12.cnf	1678106024	100	850	63	0.005	848	0.253691	100	5	60	1	5	847	1.02786
test_data/jnh/jnh12.cnf	1678106025	100	850	70	0.01	846	0.146058	100	5	60	1	5	845	0.982495
test_data/jnh/jnh12.cnf	1678106026	100	850	77	0.01	848	0.131051	100	5	60	1	5	847	0.985295
test_data/jnh/jnh12.cnf	1678106027	100	850	77	0.01	848	0.107994	100	5	60	1	5	848	0.976562
test_data/jnh/jnh12.cnf	1678106028	100	850	67	0.01	848	0.17142	100	5	60	1	5	847	0.998529
test_data/jnh/jnh12.cnf	1678106030	100	850	72	0.05	849	0.031277	100	5	60	1	5	845	1.01648
test_data/jnh/jnh12.cnf	1678106031	100	850	71	0.1	846	0.0197949	100	5	60	1	5	847	1.00411
test_data/jnh/jnh12.cnf	1678106032	100	850	74	0.25	848	0.0111749	100	5	60	1	5	845	1.10596
test_data/jnh/jnh12.cnf	1678106033	100	850	85	0.5	848	0.00633444	100	5	60	1	5	846	1.02254
test_data/jnh/jnh12.cnf	1678106034	100	850	60	0.75	846	0.00635522	100	5	60	1	5	844	1.11616
test_data/jnh/jnh12.cnf	1678106035	100	850	64	0.9	847	0.00497438	100	5	60	1	5	845	1.30804
test_data/jnh/jnh13.cnf	1678106036	100	850	82	0.005	845	0.235879	100	5	60	1	5	843	0.973516
test_data/jnh/jnh13.cnf	1678106038	100	850	73	0.01	847	0.120095	100	5	60	1	5	841	1.00093
test_data/jnh/jnh13.cnf	1678106039	100	850	69	0.01	847	0.135064	100	5	60	1	5	847	1.03207
test_data/jnh/jnh13.cnf	1678106040	100	850	72	0.01	847	0.22922	100	5	60	1	5	845	1.0831
test_data/jnh/jnh13.cnf	1678106041	100	850	61	0.01	848	0.144912	100	5	60	1	5	844	1.0303
test_data/jnh/jnh13.cnf	1678106042	100	850	73	0.05	845	0.0515403	100	5	60	1	5	846	1.00546
test_data/jnh/jnh13.cnf	1678106043	100	850	65	0.1	847	0.0285	100	5	60	1	5	843	0.987168
test_data/jnh/jnh13.cnf	1678106044	100	850	79	0.25	846	0.0123694	100	5	60	1	5	845	1.55793
test_data/jnh/jnh13.cnf	1678106046	100	850	82	0.5	846	0.0092297	100	5	60	1	5	845	1.09375
test_data/jnh/jnh13.cnf	1678106047	100	850	69	0.75	847	0.00523639	100	5	60	1	5	844	1.01695
test_data/jnh/jnh13.cnf	1678106048	100	850	65	0.9	844	0.00362735	100	5	60	1	5	845	0.99213
test_data/jnh/jnh14.cnf	1678106049	100	850	80	0.005	846	0.182725	100	5	60	1	5	843	0.951327
test_data/jnh/jnh14.cnf	1678106050	100	850	92	0.01	848	0.771833	100	5	60	1	5	845	0.943923
test_data/jnh/jnh14.cnf	1678106052	100	850	73	0.01	847	0.211994	100	5	60	1	5	845	0.913682
test_data/jnh/jnh14.cnf	1678106053	100	850	76	0.01	847	0.17451	100	5	60	1	5	847	0.950405
test_data/jnh/jnh14.cnf	1678106054	100	850	84	0.01	846	0.190676	100	5	60	1	5	845	0.959973
test_data/jnh/jnh14.cnf	1678106055	100	850	80	0.05	847	0.0267752	100	5	60	1	5	845	0.964432
test_data/jnh/jnh14.cnf	1678106056	100	850	78	0.1	847	0.0260075	100	5	60	1	5	846	0.974941
test_data/jnh/jnh14.cnf	1678106057	100	850	62	0.25	846	0.015633	100	5	60	1	5	845	0.962337
test_data/jnh/jnh14.cnf	1678106058	100	850	77	0.5	847	0.00547536	100	5	60	1	5	845	0.961682
test_data/jnh/jnh14.cnf	1678106059	100	850	81	0.75	845	0.00401814	100	5	60	1	5	843	0.974723
test_data/jnh/jnh14.cnf	1678106060	100	850	63	0.9	845	0.0040253	100	5	60	1	5	845	1.01272
test_data/jnh/jnh15.cnf	1678106061	100	850	69	0.005	848	0.365143	100	5	60	1	5	845	0.952033
test_data/jnh/jnh15.cnf	1678106063	100	850	77	0.01	847	0.106472	100	5	60	1	5	843	0.965153
test_data/jnh/jnh15.cnf	1678106064	100	850	65	0.01	846	0.148389	100	5	60	1	5	842	0.968797
test_data/jnh/jnh15.cnf	1678106065	100	850	56	0.01	847	0.103063	100	5	60	1	5	843	0.950777
test_data/jnh/jnh15.cnf	1678106066	100	850	79	0.01	847	0.127585	100	5	60	1	5	846	1.02446
test_data/jnh/jnh15.cnf	1678106067	100	850	63	0.05	846	0.0361539	100	5	60	1	5	845	1.01042
test_data/jnh/jnh15.cnf	1678106068	100	850	77	0.1	847	0.0294773	100	5	60	1	5	842	1.02517
test_data/jnh/jnh15.cnf	1678106069	100	850	73	0.25	846	0.00911592	100	5	60	1	5	844	0.974465
test_data/jnh/jnh15.cnf	1678106070	100	850	69	0.5	847	0.00640703	100	5	60	1	5	842	0.977129
test_data/jnh/jnh15.cnf	1678106071	100	850	73	0.75	848	0.00568443	100	5	60	1	5	846	1.02519
test_data/jnh/jnh15.cnf	1678106072	100	850	80	0.9	845	0.00412979	100	5	60	1	5	846	1.00464
test_data/jnh/jnh16.cnf	1678106073	100	850	66	0.005	849	0.214515	100	5	60	1	5	848	0.940598
test_data/jnh/jnh16.cnf	1678106074	100	850	62	0.01	847	0.133067	100	5	60	1	5	848	0.959593
test_data/jnh/jnh16.cnf	1678106076	100	850	75	0.01	848	0.187961	100	5	60	1	5	844	1.23789
test_data/jnh/jnh16.cnf	1678106077	100	850	76	0.01	848	0.128108	100	5	60	1	5	845	1.16245
test_data/jnh/jnh16.cnf	1678106078	100	850	77	0.01	848	0.153687	100	5	60	1	5	847	1.10468
test_data/jnh/jnh16.cnf	1678106080	100	850	66	0.05	848	0.0365435	100	5	60	1	5	845	1.35944
test_data/jnh/jnh16.cnf	1678106081	100	850	70	0.1	849	0.0308254	100	5	60	1	5	846	1.09753
test_data/jnh/jnh16.cnf	1678106082	100	850	74	0.25	849	0.0123022	100	5	60	1	5	847	1.1232
test_data/jnh/jnh16.cnf	1678106083	100	850	72	0.5	847	0.00764311	100	5	60	1	5	844	1.13351
test_data/jnh/jnh16.cnf	1678106084	100	850	76	0.75	848	0.00447515	100	5	60	1	5	845	1.01001
test_data/jnh/jnh16.cnf	1678106085	100	850	76	0.9	847	0.00457394	100	5	60	1	5	847	1.05099
test_data/jnh/jnh17.cnf	1678106087	100	850	83	0.005	849	0.19887	100	5	60	1	5	846	1.25346
test_data/jnh/jnh17.cnf	1678106088	100	850	71	0.01	850	0.0199092	100	5	60	1	5	847	1.43781
test_data/jnh/jnh17.cnf	1678106089	100	850	75	0.01	849	0.29332	100	5	60	1	5	845	1.06961
test_data/jnh/jnh17.cnf	1678106091	100	850	71	0.01	850	0.0154756	100	5	60	1	5	844	0.999794
test_data/jnh/jnh17.cnf	1678106092	100	850	67	0.01	849	0.106123	100	5	60	1	5	847	1.0342
test_data/jnh/jnh17.cnf	1678106093	100	850	72	0.05	849	0.0372398	100	5	60	1	5	847	0.978191
test_data/jnh/jnh17.cnf	1678106094	100	850	70	0.1	850	0.00509934	100	5	60	1	5	843	1.05421
test_data/jnh/jnh17.cnf	1678106095	100	850	76	0.25	849	0.00915608	100	5	60	1	5	846	1.02506
test_data/jnh/jnh17.cnf	1678106096	100	850	76	0.5	849	0.00461423	100	5	60	1	5	844	0.983402
test_data/jnh/jnh17.cnf	1678106097	100	850	72	0.75	849	0.00413882	100	5	60	1	5	846	1.00514
test_data/jnh/jnh17.cnf	1678106098	100	850	82	0.9	849	0.00855106	100	5	60	1	5	846	1.13485
test_data/jnh/jnh18.cnf	1678106099	100	850	66	0.005	848	0.399912	100	5	60	1	5	844	0.963943
test_data/jnh/jnh18.cnf	1678106101	100	850	66	0.01	847	0.197938	100	5	60	1	5	846	0.940747
test_data/jnh/jnh18.cnf	1678106102	100	850	68	0.01	848	0.14178	100	5	60	1	5	845	0.942508
test_data/jnh/jnh18.cnf	1678106103	100	850	80	0.01	848	0.192862	100	5	60	1	5	845	0.939709
test_data/jnh/jnh18.cnf	1678106104	100	850	72	0.01	846	0.20979	100	5	60	1	5	843	0.908826
test_data/jnh/jnh18.cnf	1678106105	100	850	58	0.05	846	0.0506152	100	5	60	1	5	846	0.924889
test_data/jnh/jnh18.cnf	1678106106	100	850	72	0.1	847	0.0219655	100	5	60	1	5	844	0.970153
test_data/jnh/jnh18.cnf	1678106107	100	850	90	0.25	845	0.015456	100	5	60	1	5	846	0.977436
test_data/jnh/jnh18.cnf	1678106108	100	850	79	0.5	845	0.0144307	100	5	60	1	5	842	0.940648
test_data/jnh/jnh18.cnf	1678106109	100	850	64	0.75	846	0.00483525	100	5	60	1	5	845	0.952407
test_data/jnh/jnh18.cnf	1678106110	100	850	92	0.9	847	0.00448314	100	5	60	1	5	843	0.985916
test_data/jnh/jnh19.cnf	1678106111	100	850	85	0.005	845	0.181243	100	5	60	1	5	846	0.916052
test_data/jnh/jnh19.cnf	1678106112	100	850	65	0.01	848	0.219785	100	5	60	1	5	847	0.922324
test_data/jnh/jnh19.cnf	1678106113	100	850	90	0.01	848	0.142295	100	5	60	1	5	844	0.939962
test_data/jnh/jnh19.cnf	1678106114	100	850	84	0.01	847	0.16295	100	5	60	1	5	845	0.96225
test_data/jnh/jnh19.cnf	1678106116	100	850	71	0.01	847	0.111105	100	5	60	1	5	844	0.995854
test_data/jnh/jnh19.cnf	1678106117	100	850	74	0.05	847	0.0322758	100	5	60	1	5	847	1.03666
test_data/jnh/jnh19.cnf	1678106118	100	850	86	0.1	847	0.0164335	100	5	60	1	5	845	1.35015
test_data/jnh/jnh19.cnf	1678106119	100	850	55	0.25	847	0.0112823	100	5	60	1	5	842	1.07912
test_data/jnh/jnh19.cnf	1678106120	100	850	77	0.5	848	0.0128646	100	5	60	1	5	844	1.06232
test_data/jnh/jnh19.cnf	1678106121	100	850	74	0.75	847	0.00501488	100	5	60	1	5	846	1.23723
test_data/jnh/jnh19.cnf	1678106123	100	850	55	0.9	847	0.0129048	100	5	60	1	5	846	1.02694
test_data/jnh/jnh2.cnf	1678106124	100	850	68	0.005	847	0.303636	100	5	60	1	5	845	1.00428
test_data/jnh/jnh2.cnf	1678106125	100	850	67	0.01	849	0.160556	100	5	60	1	5	847	1.04375
test_data/jnh/jnh2.cnf	1678106126	100	850	68	0.01	847	0.134594	100	5	60	1	5	843	0.999527
test_data/jnh/jnh2.cnf	1678106127	100	850	73	0.01	846	0.171926	100	5	60	1	5	842	0.995537
test_data/jnh/jnh2.cnf	1678106128	100	850	90	0.01	847	0.156763	100	5	60	1	5	844	1.02448
test_data/jnh/jnh2.cnf	1678106130	100	850	76	0.05	844	0.0455242	100	5	60	1	5	846	1.02435
test_data/jnh/jnh2.cnf	1678106131	100	850	69	0.1	846	0.0166126	100	5	60	1	5	844	1.02956
test_data/jnh/jnh2.cnf	1678106132	100	850	77	0.25	846	0.0123971	100	5	60	1	5	844	1.02384
test_data/jnh/jnh2.cnf	1678106133	100	850	68	0.5	845	0.0100987	100	5	60	1	5	842	1.03034
test_data/jnh/jnh2.cnf	1678106134	100	850	83	0.75	847	0.00548941	100	5	60	1	5	846	1.00954
test_data/jnh/jnh2.cnf	1678106135	100	850	66	0.9	845	0.00432124	100	5	60	1	5	846	1.04974
test_data/jnh/jnh20.cnf	1678106136	100	850	76	0.005	847	0.197081	100	5	60	1	5	843	0.980291
test_data/jnh/jnh20.cnf	1678106137	100	850	73	0.01	848	0.190494	100	5	60	1	5	844	1.01299
test_data/jnh/jnh20.cnf	1678106138	100	850	60	0.01	847	0.363899	100	5	60	1	5	843	0.952718
test_data/jnh/jnh20.cnf	1678106140	100	850	85	0.01	845	0.185909	100	5	60	1	5	844	1.09813
test_data/jnh/jnh20.cnf	1678106141	100	850	68	0.01	846	0.192814	100	5	60	1	5	844	0.97434
test_data/jnh/jnh20.cnf	1678106142	100	850	67	0.05	844	0.0417702	100	5	60	1	5	845	1.03101
test_data/jnh/jnh20.cnf	1678106143	100	850	69	0.1	844	0.0300104	100	5	60	1	5	846	1.19019
test_data/jnh/jnh20.cnf	1678106144	100	850	62	0.25	844	0.0139362	100	5	60	1	5	847	1.02704
test_data/jnh/jnh20.cnf	1678106145	100	850	86	0.5	844	0.00866506	100	5	60	1	5	845	1.02632
test_data/jnh/jnh20.cnf	1678106147	100	850	98	0.75	846	0.00561214	100	5	60	1	5	845	1.02477
test_data/jnh/jnh20.cnf	1678106148	100	850	85	0.9	846	0.00414657	100	5	60	1	5	847	1.02647
test_data/jnh/jnh201.cnf	1678106149	100	800	67	0.005	800	0.00276318	100	5	60	1	5	796	1.04853
test_data/jnh/jnh201.cnf	1678106150	100	800	56	0.01	800	0.00197857	100	5	60	1	5	798	1.03275
test_data/jnh/jnh201.cnf	1678106151	100	800	62	0.01	800	0.0164414	100	5	60	1	5	799	1.02065
test_data/jnh/jnh201.cnf	1678106152	100	800	64	0.01	800	0.00292391	100	5	60	1	5	796	1.02028
test_data/jnh/jnh201.cnf	1678106153	100	800	77	0.01	800	0.0159342	100	5	60	1	5	799	1.01974
test_data/jnh/jnh201.cnf	1678106154	100	800	63	0.05	800	0.00616933	100	5	60	1	5	798	1.01682
test_data/jnh/jnh201.cnf	1678106155	100	800	70	0.1	799	0.0108858	100	5	60	1	5	798	1.03311
test_data/jnh/jnh201.cnf	1678106156	100	800	78	0.25	799	0.00733452	100	5	60	1	5	798	1.03046
test_data/jnh/jnh201.cnf	1678106157	100	800	68	0.5	799	0.00474563	100	5	60	1	5	798	1.0173
test_data/jnh/jnh201.cnf	1678106158	100	800	58	0.75	799	0.00351054	100	5	60	1	5	799	1.38096
test_data/jnh/jnh201.cnf	1678106159	100	800	70	0.9	799	0.00341003	100	5	60	1	5	798	1.06087
test_data/jnh/jnh202.cnf	1678106160	100	800	76	0.005	797	0.284872	100	5	60	1	5	796	0.985017
test_data/jnh/jnh202.cnf	1678106162	100	800	69	0.01	798	0.100859	100	5	60	1	5	796	1.00709
test_data/jnh/jnh202.cnf	1678106163	100	800	70	0.01	798	0.124879	100	5	60	1	5	796	1.104
test_data/jnh/jnh202.cnf	1678106164	100	800	60	0.01	797	0.125715	100	5	60	1	5	796	1.0141
test_data/jnh/jnh202.cnf	1678106165	100	800	76	0.01	798	0.115812	100	5	60	1	5	794	1.13549
test_data/jnh/jnh202.cnf	1678106166	100	800	57	0.05	798	0.0313745	100	5	60	1	5	796	1.3396
test_data/jnh/jnh202.cnf	1678106168	100	800	68	0.1	797	0.0237281	100	5	60	1	5	798	1.09664
test_data/jnh/jnh202.cnf	1678106169	100	800	79	0.25	796	0.00911231	100	5	60	1	5	794	1.02486
test_data/jnh/jnh202.cnf	1678106170	100	800	84	0.5	798	0.270527	100	5	60	1	5	795	0.988591
test_data/jnh/jnh202.cnf	1678106171	100	800	64	0.75	796	0.00350541	100	5	60	1	5	791	1.08861
test_data/jnh/jnh202.cnf	1678106172	100	800	59	0.9	796	0.0041587	100	5	60	1	5	795	1.08406
test_data/jnh/jnh203.cnf	1678106173	100	800	63	0.005	796	0.542025	100	5	60	1	5	797	1.02733
test_data/jnh/jnh203.cnf	1678106175	100	800	80	0.01	798	0.110318	100	5	60	1	5	794	1.2315
test_data/jnh/jnh203.cnf	1678106176	100	800	70	0.01	798	0.125766	100	5	60	1	5	794	0.988975
test_data/jnh/jnh203.cnf	1678106178	100	800	67	0.01	798	0.113685	100	5	60	1	5	795	0.983001
test_data/jnh/jnh203.cnf	1678106179	100	800	78	0.01	796	0.140683	100	5	60	1	5	794	1.01974
test_data/jnh/jnh203.cnf	1678106180	100	800	76	0.05	796	0.0438891	100	5	60	1	5	792	1.05151
test_data/jnh/jnh203.cnf	1678106181	100	800	70	0.1	797	0.0254079	100	5	60	1	5	798	1.13479
test_data/jnh/jnh203.cnf	1678106182	100	800	79	0.25	796	0.0113322	100	5	60	1	5	796	1.01964
test_data/jnh/jnh203.cnf	1678106183	100	800	72	0.5	798	0.00640188	100	5	60	1	5	792	1.43448
test_data/jnh/jnh203.cnf	1678106185	100	800	62	0.75	797	0.00419396	100	5	60	1	5	793	1.04955
test_data/jnh/jnh203.cnf	1678106186	100	800	68	0.9	797	0.00401461	100	5	60	1	5	799	1.40214
test_data/jnh/jnh204.cnf	1678106187	100	800	94	0.005	798	0.225611	100	5	60	1	5	798	1.2895
test_data/jnh/jnh204.cnf	1678106189	100	800	73	0.01	798	0.208097	100	5	60	1	5	798	1.17804
test_data/jnh/jnh204.cnf	1678106190	100	800	70	0.01	798	0.133718	100	5	60	1	5	795	1.25118
test_data/jnh/jnh204.cnf	1678106191	100	800	59	0.01	799	0.181065	100	5	60	1	5	798	1.17946
test_data/jnh/jnh204.cnf	1678106193	100	800	67	0.01	797	0.18535	100	5	60	1	5	796	1.42821
test_data/jnh/jnh204.cnf	1678106194	100	800	83	0.05	799	0.0314774	100	5	60	1	5	797	1.3361
test_data/jnh/jnh204.cnf	1678106196	100	800	57	0.1	799	0.0182258	100	5	60	1	5	794	1.1858
test_data/jnh/jnh204.cnf	1678106197	100	800	62	0.25	799	0.011644	100	5	60	1	5	798	1.15218
test_data/jnh/jnh204.cnf	1678106198	100	800	82	0.5	798	0.00755411	100	5	60	1	5	796	1.01779
test_data/jnh/jnh204.cnf	1678106199	100	800	70	0.75	797	0.00353334	100	5	60	1	5	796	1.00126
test_data/jnh/jnh204.cnf	1678106200	100	800	70	0.9	798	0.00292939	100	5	60	1	5	797	1.00441
test_data/jnh/jnh205.cnf	1678106201	100	800	61	0.005	799	0.178332	100	5	60	1	5	796	0.990113
test_data/jnh/jnh205.cnf	1678106202	100	800	78	0.01	799	0.138379	100	5	60	1	5	798	1.2454
test_data/jnh/jnh205.cnf	1678106204	100	800	62	0.01	800	0.0336202	100	5	60	1	5	798	1.05306
test_data/jnh/jnh205.cnf	1678106205	100	800	90	0.01	799	0.0956598	100	5	60	1	5	799	0.981037
test_data/jnh/jnh205.cnf	1678106206	100	800	80	0.01	796	0.135025	100	5	60	1	5	798	1.04835
test_data/jnh/jnh205.cnf	1678106207	100	800	70	0.05	800	0.0134843	100	5	60	1	5	794	1.00057
test_data/jnh/jnh205.cnf	1678106208	100	800	60	0.1	799	0.0139394	100	5	60	1	5	797	1.36431
test_data/jnh/jnh205.cnf	1678106210	100	800	64	0.25	797	0.0110977	100	5	60	1	5	797	1.18985
test_data/jnh/jnh205.cnf	1678106211	100	800	79	0.5	796	0.00634669	100	5	60	1	5	797	1.19047
test_data/jnh/jnh205.cnf	1678106212	100	800	69	0.75	798	0.00366891	100	5	60	1	5	796	1.3242
test_data/jnh/jnh205.cnf	1678106213	100	800	75	0.9	799	0.00481771	100	5	60	1	5	796	1.42838
test_data/jnh/jnh206.cnf	1678106215	100	800	83	0.005	799	0.223173	100	5	60	1	5	797	1.71644
test_data/jnh/jnh206.cnf	1678106217	100	800	67	0.01	798	0.128563	100	5	60	1	5	799	1.23556
test_data/jnh/jnh206.cnf	1678106218	100	800	75	0.01	799	0.207465	100	5	60	1	5	797	1.21689
test_data/jnh/jnh206.cnf	1678106219	100	800	71	0.01	799	0.141547	100	5	60	1	5	796	1.18932
test_data/jnh/jnh206.cnf	1678106221	100	800	75	0.01	798	0.102173	100	5	60	1	5	795	1.08489
test_data/jnh/jnh206.cnf	1678106222	100	800	66	0.05	798	0.0373579	100	5	60	1	5	794	0.987014
test_data/jnh/jnh206.cnf	1678106223	100	800	86	0.1	798	0.0151412	100	5	60	1	5	797	1.00712
test_data/jnh/jnh206.cnf	1678106224	100	800	84	0.25	798	0.0104726	100	5	60	1	5	797	1.05201
test_data/jnh/jnh206.cnf	1678106225	100	800	72	0.5	798	0.00672067	100	5	60	1	5	796	1.04507
test_data/jnh/jnh206.cnf	1678106226	100	800	83	0.75	799	0.00500835	100	5	60	1	5	795	1.30426
test_data/jnh/jnh206.cnf	1678106228	100	800	73	0.9	799	0.00463075	100	5	60	1	5	794	1.02755
test_data/jnh/jnh207.cnf	1678106229	100	800	64	0.005	798	0.226716	100	5	60	1	5	796	0.994188
test_data/jnh/jnh207.cnf	1678106230	100	800	60	0.01	798	0.123301	100	5	60	1	5	797	0.962186
test_data/jnh/jnh207.cnf	1678106231	100	800	61	0.01	798	0.0758869	100	5	60	1	5	796	1.02172
test_data/jnh/jnh207.cnf	1678106232	100	800	55	0.01	798	0.0822315	100	5	60	1	5	794	1.01331
test_data/jnh/jnh207.cnf	1678106233	100	800	82	0.01	798	0.0927384	100	5	60	1	5	796	1.03193
test_data/jnh/jnh207.cnf	1678106234	100	800	73	0.05	798	0.0255038	100	5	60	1	5	796	1.02185
test_data/jnh/jnh207.cnf	1678106235	100	800	62	0.1	799	0.0170856	100	5	60	1	5	797	0.992447
test_data/jnh/jnh207.cnf	1678106236	100	800	58	0.25	795	0.00920311	100	5	60	1	5	799	1.03647
test_data/jnh/jnh207.cnf	1678106237	100	800	57	0.5	799	0.00514258	100	5	60	1	5	797	1.1323
test_data/jnh/jnh207.cnf	1678106238	100	800	59	0.75	796	0.00368204	100	5	60	1	5	795	1.04916
test_data/jnh/jnh207.cnf	1678106240	100	800	66	0.9	796	0.0031636	100	5	60	1	5	796	1.209
test_data/jnh/jnh208.cnf	1678106241	100	800	68	0.005	798	0.166427	100	5	60	1	5	795	0.970531
test_data/jnh/jnh208.cnf	1678106242	100	800	84	0.01	795	0.119825	100	5	60	1	5	794	1.01217
test_data/jnh/jnh208.cnf	1678106243	100	800	82	0.01	796	0.0980937	100	5	60	1	5	796	0.975824
test_data/jnh/jnh208.cnf	1678106244	100	800	63	0.01	798	0.108653	100	5	60	1	5	794	0.995898
test_data/jnh/jnh208.cnf	1678106245	100	800	65	0.01	798	0.150263	100	5	60	1	5	797	0.976136
test_data/jnh/jnh208.cnf	1678106246	100	800	69	0.05	798	0.0335947	100	5	60	1	5	795	0.991649
test_data/jnh/jnh208.cnf	1678106247	100	800	102	0.1	798	0.0144667	100	5	60	1	5	797	1.04449
test_data/jnh/jnh208.cnf	1678106248	100	800	72	0.25	796	0.00708908	100	5	60	1	5	794	0.996846
test_data/jnh/jnh208.cnf	1678106249	100	800	74	0.5	797	0.0048945	100	5	60	1	5	795	1.205
test_data/jnh/jnh208.cnf	1678106251	100	800	68	0.75	794	0.00412159	100	5	60	1	5	797	0.982905
test_data/jnh/jnh208.cnf	1678106252	100	800	66	0.9	796	0.0030304	100	5	60	1	5	795	1.00834
test_data/jnh/jnh209.cnf	1678106253	100	800	80	0.005	798	0.18945	100	5	60	1	5	795	0.948674
test_data/jnh/jnh209.cnf	1678106254	100	800	64	0.01	798	0.086781	100	5	60	1	5	796	1.0264
test_data/jnh/jnh209.cnf	1678106255	100	800	83	0.01	799	0.109223	100	5	60	1	5	796	0.974792
test_data/jnh/jnh209.cnf	1678106256	100	800	49	0.01	798	0.153355	100	5	60	1	5	797	1.43838
test_data/jnh/jnh209.cnf	1678106258	100	800	73	0.01	798	0.0935232	100	5	60	1	5	800	0.985031
test_data/jnh/jnh209.cnf	1678106259	100	800	67	0.05	798	0.071906	100	5	60	1	5	796	1.6918
test_data/jnh/jnh209.cnf	1678106261	100	800	69	0.1	800	0.00419416	100	5	60	1	5	795	0.984021
test_data/jnh/jnh209.cnf	1678106262	100	800	68	0.25	797	0.00664317	100	5	60	1	5	798	0.980348
test_data/jnh/jnh209.cnf	1678106263	100	800	81	0.5	797	0.00426293	100	5	60	1	5	798	1.0304
test_data/jnh/jnh209.cnf	1678106264	100	800	71	0.75	799	0.00536878	100	5	60	1	5	797	0.999028
test_data/jnh/jnh209.cnf	1678106265	100	800	68	0.9	799	0.00366301	100	5	60	1	5	798	0.985876
test_data/jnh/jnh210.cnf	1678106266	100	800	64	0.005	799	0.18673	100	5	60	1	5	796	0.959014
test_data/jnh/jnh210.cnf	1678106267	100	800	68	0.01	800	0.017034	100	5	60	1	5	799	0.998266
test_data/jnh/jnh210.cnf	1678106268	100	800	77	0.01	800	0.00666757	100	5	60	1	5	793	0.978824
test_data/jnh/jnh210.cnf	1678106269	100	800	68	0.01	797	0.103702	100	5	60	1	5	799	1.01034
test_data/jnh/jnh210.cnf	1678106270	100	800	80	0.01	800	0.0124755	100	5	60	1	5	798	1.03099
test_data/jnh/jnh210.cnf	1678106271	100	800	78	0.05	800	0.0022919	100	5	60	1	5	796	1.00927
test_data/jnh/jnh210.cnf	1678106272	100	800	68	0.1	798	0.0136373	100	5	60	1	5	793	1.00455
test_data/jnh/jnh210.cnf	1678106273	100	800	67	0.25	797	0.00686474	100	5	60	1	5	798	0.980203
test_data/jnh/jnh210.cnf	1678106274	100	800	74	0.5	798	0.00652523	100	5	60	1	5	799	0.991214
test_data/jnh/jnh210.cnf	1678106275	100	800	69	0.75	797	0.00312895	100	5	60	1	5	798	1.1608
test_data/jnh/jnh210.cnf	1678106276	100	800	59	0.9	798	0.00385387	100	5	60	1	5	795	0.994033
test_data/jnh/jnh211.cnf	1678106277	100	800	60	0.005	797	0.224108	100	5	60	1	5	792	0.924791
test_data/jnh/jnh211.cnf	1678106278	100	800	85	0.01	797	0.0916715	100	5	60	1	5	794	0.981281
test_data/jnh/jnh211.cnf	1678106279	100	800	88	0.01	798	0.114578	100	5	60	1	5	793	0.960091
test_data/jnh/jnh211.cnf	1678106280	100	800	81	0.01	798	0.380712	100	5	60	1	5	797	0.934031
test_data/jnh/jnh211.cnf	1678106282	100	800	67	0.01	797	0.14714	100	5	60	1	5	796	0.983781
test_data/jnh/jnh211.cnf	1678106283	100	800	79	0.05	796	0.0241067	100	5	60	1	5	791	0.987924
test_data/jnh/jnh211.cnf	1678106284	100	800	88	0.1	797	0.0202362	100	5	60	1	5	793	0.979668
test_data/jnh/jnh211.cnf	1678106285	100	800	62	0.25	796	0.011947	100	5	60	1	5	794	1.05142
test_data/jnh/jnh211.cnf	1678106286	100	800	56	0.5	798	0.00690073	100	5	60	1	5	793	1.03635
test_data/jnh/jnh211.cnf	1678106287	100	800	78	0.75	794	0.0047416	100	5	60	1	5	792	1.00172
test_data/jnh/jnh211.cnf	1678106288	100	800	98	0.9	796	0.00332363	100	5	60	1	5	796	1.01689
test_data/jnh/jnh212.cnf	1678106289	100	800	68	0.005	799	0.211929	100	5	60	1	5	796	0.949314
test_data/jnh/jnh212.cnf	1678106290	100	800	67	0.01	798	0.117393	100	5	60	1	5	794	1.2518
test_data/jnh/jnh212.cnf	1678106292	100	800	57	0.01	799	0.0918695	100	5	60	1	5	797	0.961691
test_data/jnh/jnh212.cnf	1678106293	100	800	71	0.01	799	0.094063	100	5	60	1	5	795	0.980275
test_data/jnh/jnh212.cnf	1678106294	100	800	61	0.01	799	0.161836	100	5	60	1	5	798	0.959014
test_data/jnh/jnh212.cnf	1678106295	100	800	70	0.05	798	0.0391489	100	5	60	1	5	798	0.982185
test_data/jnh/jnh212.cnf	1678106296	100	800	68	0.1	796	0.0187129	100	5	60	1	5	797	1.01453
test_data/jnh/jnh212.cnf	1678106297	100	800	75	0.25	799	0.00833305	100	5	60	1	5	797	0.978269
test_data/jnh/jnh212.cnf	1678106298	100	800	72	0.5	796	0.00437415	100	5	60	1	5	796	1.01489
test_data/jnh/jnh212.cnf	1678106299	100	800	62	0.75	795	0.00442141	100	5	60	1	5	797	1.01514
test_data/jnh/jnh212.cnf	1678106300	100	800	79	0.9	797	0.00308084	100	5	60	1	5	798	1.03694
test_data/jnh/jnh213.cnf	1678106301	100	800	68	0.005	798	0.263255	100	5	60	1	5	798	0.997151
test_data/jnh/jnh213.cnf	1678106302	100	800	80	0.01	798	0.0828596	100	5	60	1	5	796	0.986365
test_data/jnh/jnh213.cnf	1678106303	100	800	82	0.01	798	0.0881395	100	5	60	1	5	796	0.971107
test_data/jnh/jnh213.cnf	1678106304	100	800	73	0.01	799	0.116804	100	5	60	1	5	797	1.00806
test_data/jnh/jnh213.cnf	1678106306	100	800	85	0.01	799	0.0875015	100	5	60	1	5	796	1.22851
