Filename	#Vars	#Clauses	Seed	Optimal found (LS)	Time (LS)	Optimal found (GLS)	Time (GLS)
test_data/max_3_sat/3sat_100_200_1.cnf	100	200	1677607775	197	0.000535363	200	0.00901162
test_data/max_3_sat/3sat_100_200_2.cnf	100	200	1677607776	199	0.00050928	200	0.00388092
test_data/max_3_sat/3sat_100_200_4.cnf	100	200	1677607776	199	0.000469596	200	0.00185004
test_data/max_3_sat/3sat_100_200_5.cnf	100	200	1677607776	199	0.00107882	200	0.00310415
test_data/max_3_sat/3sat_100_200_12.cnf	100	200	1677607776	199	0.00118496	200	0.00292414
test_data/max_3_sat/3sat_100_200_15.cnf	100	200	1677607776	198	0.000839051	200	0.0165259
test_data/max_3_sat/3sat_100_200_16.cnf	100	200	1677607776	198	0.000521245	200	0.00580285
test_data/max_3_sat/3sat_100_200_19.cnf	100	200	1677607776	199	0.000610339	200	0.00200388
test_data/max_3_sat/3sat_100_200_20.cnf	100	200	1677607776	198	0.000727275	200	0.00314207
test_data/max_3_sat/3sat_100_200_24.cnf	100	200	1677607776	198	0.000573923	200	0.00762157
test_data/max_3_sat/3sat_100_200_26.cnf	100	200	1677607776	199	0.00136158	200	0.00423957
test_data/max_3_sat/3sat_100_200_29.cnf	100	200	1677607776	196	0.000547141	200	0.0133197
test_data/max_3_sat/3sat_100_200_31.cnf	100	200	1677607776	200	0.000692468	200	0.000689416
test_data/max_3_sat/3sat_100_200_45.cnf	100	200	1677607776	199	0.000793288	200	0.00305208
test_data/max_3_sat/3sat_100_200_43.cnf	100	200	1677607776	197	0.000468153	200	0.00504109
test_data/max_3_sat/3sat_100_200_38.cnf	100	200	1677607776	198	0.00107253	200	0.0104627
test_data/max_3_sat/3sat_100_200_28.cnf	100	200	1677607776	198	0.000673627	200	0.00693329
test_data/max_3_sat/3sat_100_200_14.cnf	100	200	1677607776	199	0.000543103	200	0.00347403
test_data/max_3_sat/3sat_100_200_35.cnf	100	200	1677607776	197	0.00108592	200	0.0126952
test_data/max_3_sat/3sat_100_200_47.cnf	100	200	1677607776	198	0.000756834	200	0.0170153
test_data/max_3_sat/3sat_100_200_23.cnf	100	200	1677607776	198	0.000584235	200	0.00497596
test_data/max_3_sat/3sat_100_200_32.cnf	100	200	1677607776	198	0.00113662	200	0.0154693
test_data/max_3_sat/3sat_100_200_37.cnf	100	200	1677607776	198	0.000518371	200	0.00882038
test_data/max_3_sat/3sat_100_200_9.cnf	100	200	1677607776	200	0.000834841	200	0.00081019
test_data/max_3_sat/3sat_100_200_6.cnf	100	200	1677607776	197	0.000507164	200	0.0160717
test_data/max_3_sat/3sat_100_200_46.cnf	100	200	1677607776	200	0.000318307	200	0.000330946
test_data/max_3_sat/3sat_100_200_34.cnf	100	200	1677607776	199	0.000583468	200	0.00298205
test_data/max_3_sat/3sat_100_200_44.cnf	100	200	1677607776	199	0.000801013	200	0.00301795
test_data/max_3_sat/3sat_100_200_42.cnf	100	200	1677607776	200	0.000534921	200	0.000721761
test_data/max_3_sat/3sat_100_200_49.cnf	100	200	1677607776	197	0.000781323	200	0.0122372
test_data/max_3_sat/3sat_100_200_39.cnf	100	200	1677607776	198	0.000576397	200	0.00374204
test_data/max_3_sat/3sat_100_200_8.cnf	100	200	1677607776	198	0.000693214	200	0.0140717
test_data/max_3_sat/3sat_100_200_22.cnf	100	200	1677607776	199	0.000820497	200	0.00238696
test_data/max_3_sat/3sat_100_200_30.cnf	100	200	1677607776	198	0.0011622	200	0.00824424
test_data/max_3_sat/3sat_100_200_21.cnf	100	200	1677607776	196	0.000563188	200	0.0287034
test_data/max_3_sat/3sat_100_200_13.cnf	100	200	1677607776	198	0.000651971	200	0.0132925
test_data/max_3_sat/3sat_100_200_27.cnf	100	200	1677607776	199	0.000417015	200	0.00117936
test_data/max_3_sat/3sat_100_200_18.cnf	100	200	1677607776	199	0.000524399	200	0.00536697
test_data/max_3_sat/3sat_100_200_36.cnf	100	200	1677607776	198	0.000478093	200	0.00461026
test_data/max_3_sat/3sat_100_200_7.cnf	100	200	1677607776	198	0.000519464	200	0.00657351
test_data/max_3_sat/3sat_100_200_33.cnf	100	200	1677607776	198	0.0004522	200	0.00549362
test_data/max_3_sat/3sat_100_200_17.cnf	100	200	1677607776	200	0.000444579	200	0.000449374
test_data/max_3_sat/3sat_100_200_3.cnf	100	200	1677607776	197	0.00051424	200	0.00815182
test_data/max_3_sat/3sat_100_200_48.cnf	100	200	1677607776	198	0.000595806	200	0.0100598
test_data/max_3_sat/3sat_100_200_41.cnf	100	200	1677607776	198	0.00050873	200	0.0118164
test_data/max_3_sat/3sat_100_200_50.cnf	100	200	1677607776	199	0.000569215	200	0.00147094
test_data/max_3_sat/3sat_100_200_40.cnf	100	200	1677607776	200	0.000501281	200	0.000525671
test_data/max_3_sat/3sat_100_200_10.cnf	100	200	1677607776	198	0.000395738	200	0.0102394
test_data/max_3_sat/3sat_100_200_11.cnf	100	200	1677607776	197	0.000465567	200	0.0236376
test_data/max_3_sat/3sat_100_200_25.cnf	100	200	1677607776	199	0.000380123	200	0.00205543
test_data/max_3_sat/3sat_100_500_21.cnf	100	500	1677607776	490	0.0018788	492	0.849621
test_data/max_3_sat/3sat_100_500_17.cnf	100	500	1677607777	481	0.00127968	491	1.01531
test_data/max_3_sat/3sat_100_500_46.cnf	100	500	1677607778	492	0.00170525	500	0.119453
test_data/max_3_sat/3sat_100_500_9.cnf	100	500	1677607778	488	0.00232767	490	0.904175
test_data/max_3_sat/3sat_100_500_36.cnf	100	500	1677607779	484	0.00212584	498	0.895163
test_data/max_3_sat/3sat_100_500_32.cnf	100	500	1677607780	485	0.0014398	491	0.859463
test_data/max_3_sat/3sat_100_500_40.cnf	100	500	1677607781	496	0.00209554	496	0.870848
test_data/max_3_sat/3sat_100_500_47.cnf	100	500	1677607782	488	0.00206416	494	0.877869
test_data/max_3_sat/3sat_100_500_49.cnf	100	500	1677607783	483	0.00133433	494	0.951125
test_data/max_3_sat/3sat_100_500_42.cnf	100	500	1677607784	485	0.0024204	497	0.881884
test_data/max_3_sat/3sat_100_500_20.cnf	100	500	1677607784	483	0.00150992	493	0.979003
test_data/max_3_sat/3sat_100_500_2.cnf	100	500	1677607785	489	0.00212497	489	0.970465
test_data/max_3_sat/3sat_100_500_16.cnf	100	500	1677607786	485	0.00177353	490	1.06331
test_data/max_3_sat/3sat_100_500_3.cnf	100	500	1677607787	484	0.00165603	488	1.07779
test_data/max_3_sat/3sat_100_500_30.cnf	100	500	1677607789	483	0.00143786	495	0.915912
test_data/max_3_sat/3sat_100_500_15.cnf	100	500	1677607789	489	0.00242386	489	0.942519
test_data/max_3_sat/3sat_100_500_10.cnf	100	500	1677607790	488	0.00199844	496	0.945924
test_data/max_3_sat/3sat_100_500_50.cnf	100	500	1677607791	486	0.00204669	493	0.950668
test_data/max_3_sat/3sat_100_500_23.cnf	100	500	1677607792	492	0.00256997	495	0.964507
test_data/max_3_sat/3sat_100_500_37.cnf	100	500	1677607793	481	0.00159967	488	1.02725
test_data/max_3_sat/3sat_100_500_5.cnf	100	500	1677607794	488	0.00203161	498	0.819255
test_data/max_3_sat/3sat_100_500_26.cnf	100	500	1677607795	481	0.00202538	491	0.89923
test_data/max_3_sat/3sat_100_500_6.cnf	100	500	1677607796	487	0.00237773	493	0.839465
test_data/max_3_sat/3sat_100_500_45.cnf	100	500	1677607797	489	0.00225256	493	0.920176
test_data/max_3_sat/3sat_100_500_14.cnf	100	500	1677607798	487	0.00180564	495	0.889503
test_data/max_3_sat/3sat_100_500_29.cnf	100	500	1677607799	485	0.0021194	493	0.926195
test_data/max_3_sat/3sat_100_500_4.cnf	100	500	1677607800	487	0.00109393	493	0.830453
test_data/max_3_sat/3sat_100_500_44.cnf	100	500	1677607801	488	0.00159373	492	0.913842
test_data/max_3_sat/3sat_100_500_19.cnf	100	500	1677607802	485	0.00149115	490	0.965022
test_data/max_3_sat/3sat_100_500_13.cnf	100	500	1677607802	482	0.00195602	498	0.864359
test_data/max_3_sat/3sat_100_500_27.cnf	100	500	1677607803	488	0.00208473	497	0.826467
test_data/max_3_sat/3sat_100_500_48.cnf	100	500	1677607804	489	0.00184691	497	0.881692
test_data/max_3_sat/3sat_100_500_41.cnf	100	500	1677607805	480	0.0020129	498	0.816695
test_data/max_3_sat/3sat_100_500_38.cnf	100	500	1677607806	486	0.00188792	491	1.05516
test_data/max_3_sat/3sat_100_500_12.cnf	100	500	1677607807	487	0.00184034	495	0.924691
test_data/max_3_sat/3sat_100_500_7.cnf	100	500	1677607808	489	0.00247651	489	1.12978
test_data/max_3_sat/3sat_100_500_35.cnf	100	500	1677607809	482	0.00196702	492	0.917028
test_data/max_3_sat/3sat_100_500_18.cnf	100	500	1677607810	484	0.00159406	495	0.885584
test_data/max_3_sat/3sat_100_500_39.cnf	100	500	1677607811	486	0.00198525	490	1.02638
test_data/max_3_sat/3sat_100_500_22.cnf	100	500	1677607812	487	0.00214682	496	0.753945
test_data/max_3_sat/3sat_100_500_31.cnf	100	500	1677607813	483	0.00175683	493	0.982472
test_data/max_3_sat/3sat_100_500_24.cnf	100	500	1677607814	488	0.00260732	493	0.879598
test_data/max_3_sat/3sat_100_500_11.cnf	100	500	1677607815	486	0.00174564	494	0.953382
test_data/max_3_sat/3sat_100_500_34.cnf	100	500	1677607816	480	0.00147539	493	1.00047
test_data/max_3_sat/3sat_100_500_33.cnf	100	500	1677607817	487	0.00242186	487	1.13021
test_data/max_3_sat/3sat_100_500_43.cnf	100	500	1677607818	487	0.00211955	492	0.977581
test_data/max_3_sat/3sat_100_500_25.cnf	100	500	1677607819	482	0.00198558	496	0.932791
test_data/max_3_sat/3sat_100_500_1.cnf	100	500	1677607820	481	0.00165314	489	0.941879
test_data/max_3_sat/3sat_100_500_8.cnf	100	500	1677607821	486	0.00243585	492	0.931779
test_data/max_3_sat/3sat_100_500_28.cnf	100	500	1677607822	482	0.00145071	494	0.869351
test_data/max_3_sat/3sat_100_700_15.cnf	100	700	1677607822	668	0.0021984	676	1.96822
test_data/max_3_sat/3sat_100_700_48.cnf	100	700	1677607824	680	0.00386905	680	1.91725
test_data/max_3_sat/3sat_100_700_9.cnf	100	700	1677607826	676	0.00387507	679	1.74205
test_data/max_3_sat/3sat_100_700_10.cnf	100	700	1677607828	667	0.00234379	677	1.86504
test_data/max_3_sat/3sat_100_700_30.cnf	100	700	1677607830	669	0.00229365	677	1.90857
test_data/max_3_sat/3sat_100_700_14.cnf	100	700	1677607832	682	0.00375122	682	1.79056
test_data/max_3_sat/3sat_100_700_41.cnf	100	700	1677607834	677	0.00325926	681	1.94784
test_data/max_3_sat/3sat_100_700_37.cnf	100	700	1677607836	671	0.00334584	671	1.97762
test_data/max_3_sat/3sat_100_700_21.cnf	100	700	1677607838	675	0.00355808	675	2.00767
test_data/max_3_sat/3sat_100_700_5.cnf	100	700	1677607840	667	0.00277685	682	1.7474
test_data/max_3_sat/3sat_100_700_50.cnf	100	700	1677607841	666	0.00221467	682	2.06984
test_data/max_3_sat/3sat_100_700_47.cnf	100	700	1677607844	672	0.00391556	682	1.83133
test_data/max_3_sat/3sat_100_700_31.cnf	100	700	1677607845	673	0.00413668	677	1.9538
test_data/max_3_sat/3sat_100_700_39.cnf	100	700	1677607847	672	0.00306522	683	1.73119
test_data/max_3_sat/3sat_100_700_23.cnf	100	700	1677607849	673	0.00296126	680	1.9361
test_data/max_3_sat/3sat_100_700_49.cnf	100	700	1677607851	673	0.00271514	682	1.91282
test_data/max_3_sat/3sat_100_700_13.cnf	100	700	1677607853	680	0.00389721	680	1.8083
test_data/max_3_sat/3sat_100_700_17.cnf	100	700	1677607855	668	0.00307269	677	1.98963
test_data/max_3_sat/3sat_100_700_16.cnf	100	700	1677607857	670	0.00289063	676	2.08812
test_data/max_3_sat/3sat_100_700_22.cnf	100	700	1677607859	676	0.00391607	676	1.87788
test_data/max_3_sat/3sat_100_700_43.cnf	100	700	1677607861	677	0.00345072	677	2.03839
test_data/max_3_sat/3sat_100_700_44.cnf	100	700	1677607863	681	0.00322167	681	2.05311
test_data/max_3_sat/3sat_100_700_33.cnf	100	700	1677607865	667	0.00258242	681	2.00934
test_data/max_3_sat/3sat_100_700_24.cnf	100	700	1677607867	670	0.00253531	677	1.78135
test_data/max_3_sat/3sat_100_700_8.cnf	100	700	1677607869	672	0.0030932	672	1.85642
test_data/max_3_sat/3sat_100_700_35.cnf	100	700	1677607871	663	0.00237085	672	2.06615
test_data/max_3_sat/3sat_100_700_29.cnf	100	700	1677607873	675	0.00360492	675	2.1008
test_data/max_3_sat/3sat_100_700_28.cnf	100	700	1677607875	671	0.00380745	671	1.95443
test_data/max_3_sat/3sat_100_700_3.cnf	100	700	1677607877	678	0.00410447	683	1.93639
test_data/max_3_sat/3sat_100_700_12.cnf	100	700	1677607879	667	0.00226604	677	1.83363
test_data/max_3_sat/3sat_100_700_38.cnf	100	700	1677607881	666	0.00325717	676	2.15829
test_data/max_3_sat/3sat_100_700_45.cnf	100	700	1677607883	679	0.00340541	685	1.69375
test_data/max_3_sat/3sat_100_700_27.cnf	100	700	1677607884	672	0.00326851	677	1.74545
test_data/max_3_sat/3sat_100_700_32.cnf	100	700	1677607886	669	0.00293298	680	1.97415
test_data/max_3_sat/3sat_100_700_2.cnf	100	700	1677607888	672	0.0036669	680	1.89278
test_data/max_3_sat/3sat_100_700_36.cnf	100	700	1677607890	670	0.00308835	677	1.8964
test_data/max_3_sat/3sat_100_700_19.cnf	100	700	1677607892	677	0.00285421	684	1.7819
test_data/max_3_sat/3sat_100_700_6.cnf	100	700	1677607894	677	0.00339269	677	1.86966
test_data/max_3_sat/3sat_100_700_4.cnf	100	700	1677607896	674	0.00350782	687	1.70062
test_data/max_3_sat/3sat_100_700_46.cnf	100	700	1677607897	670	0.00233166	681	1.90395
test_data/max_3_sat/3sat_100_700_42.cnf	100	700	1677607899	682	0.004747	682	1.92704
test_data/max_3_sat/3sat_100_700_26.cnf	100	700	1677607901	672	0.0017036	680	2.07179
test_data/max_3_sat/3sat_100_700_18.cnf	100	700	1677607903	673	0.00335627	676	1.82836
test_data/max_3_sat/3sat_100_700_20.cnf	100	700	1677607905	663	0.00283073	678	1.85728
test_data/max_3_sat/3sat_100_700_25.cnf	100	700	1677607907	680	0.00337448	680	1.88374
test_data/max_3_sat/3sat_100_700_7.cnf	100	700	1677607909	675	0.00182043	683	2.04445
test_data/max_3_sat/3sat_100_700_40.cnf	100	700	1677607911	672	0.00268255	677	1.96306
test_data/max_3_sat/3sat_100_700_1.cnf	100	700	1677607913	677	0.00433433	677	1.89495
test_data/max_3_sat/3sat_100_700_11.cnf	100	700	1677607915	675	0.0038286	684	1.97345
test_data/max_3_sat/3sat_100_700_34.cnf	100	700	1677607917	670	0.00333563	676	2.11453
test_data/max_3_sat/3sat_300_600_31.cnf	300	600	1677607919	595	0.00375519	600	0.178038
test_data/max_3_sat/3sat_300_600_50.cnf	300	600	1677607919	596	0.00394495	600	0.119784
test_data/max_3_sat/3sat_300_600_14.cnf	300	600	1677607919	594	0.00544967	600	0.142076
test_data/max_3_sat/3sat_300_600_9.cnf	300	600	1677607919	595	0.00366826	600	0.081719
test_data/max_3_sat/3sat_300_600_16.cnf	300	600	1677607920	596	0.00440895	600	0.0945286
test_data/max_3_sat/3sat_300_600_11.cnf	300	600	1677607920	594	0.00514288	600	0.252302
test_data/max_3_sat/3sat_300_600_42.cnf	300	600	1677607920	594	0.00404165	600	0.0965192
test_data/max_3_sat/3sat_300_600_22.cnf	300	600	1677607920	595	0.00501272	600	0.118671
test_data/max_3_sat/3sat_300_600_20.cnf	300	600	1677607920	593	0.00242352	600	0.345194
test_data/max_3_sat/3sat_300_600_25.cnf	300	600	1677607921	597	0.00409507	600	0.04685
test_data/max_3_sat/3sat_300_600_26.cnf	300	600	1677607921	592	0.00356992	600	0.154954
test_data/max_3_sat/3sat_300_600_1.cnf	300	600	1677607921	596	0.00493239	600	0.082942
test_data/max_3_sat/3sat_300_600_21.cnf	300	600	1677607921	594	0.00403545	600	0.151159
test_data/max_3_sat/3sat_300_600_23.cnf	300	600	1677607921	593	0.00356569	600	0.14885
test_data/max_3_sat/3sat_300_600_49.cnf	300	600	1677607921	597	0.00411978	600	0.0810872
test_data/max_3_sat/3sat_300_600_30.cnf	300	600	1677607921	596	0.00403192	600	0.070978
test_data/max_3_sat/3sat_300_600_12.cnf	300	600	1677607921	593	0.00504631	600	0.23505
test_data/max_3_sat/3sat_300_600_37.cnf	300	600	1677607922	595	0.00390372	600	0.105105
test_data/max_3_sat/3sat_300_600_28.cnf	300	600	1677607922	594	0.00474144	600	0.0747038
test_data/max_3_sat/3sat_300_600_47.cnf	300	600	1677607922	598	0.00415322	600	0.0370776
test_data/max_3_sat/3sat_300_600_6.cnf	300	600	1677607922	594	0.00539667	600	0.216146
test_data/max_3_sat/3sat_300_600_32.cnf	300	600	1677607922	594	0.00416046	600	0.126045
test_data/max_3_sat/3sat_300_600_34.cnf	300	600	1677607922	596	0.00463939	600	0.18678
test_data/max_3_sat/3sat_300_600_33.cnf	300	600	1677607922	592	0.00378013	600	0.140922
test_data/max_3_sat/3sat_300_600_41.cnf	300	600	1677607923	593	0.00381359	600	0.248112
test_data/max_3_sat/3sat_300_600_2.cnf	300	600	1677607923	593	0.00359213	600	0.250957
test_data/max_3_sat/3sat_300_600_35.cnf	300	600	1677607923	597	0.00391449	600	0.247912
test_data/max_3_sat/3sat_300_600_45.cnf	300	600	1677607923	595	0.00460836	600	0.231265
test_data/max_3_sat/3sat_300_600_27.cnf	300	600	1677607924	593	0.00383929	600	0.168759
test_data/max_3_sat/3sat_300_600_46.cnf	300	600	1677607924	596	0.00436599	600	0.133034
test_data/max_3_sat/3sat_300_600_8.cnf	300	600	1677607924	594	0.00449642	600	0.349043
test_data/max_3_sat/3sat_300_600_4.cnf	300	600	1677607924	598	0.00401578	600	0.0944477
test_data/max_3_sat/3sat_300_600_40.cnf	300	600	1677607924	597	0.00504397	600	0.0556181
test_data/max_3_sat/3sat_300_600_43.cnf	300	600	1677607925	599	0.00487819	600	0.0183569
test_data/max_3_sat/3sat_300_600_18.cnf	300	600	1677607925	592	0.00362277	600	0.295589
test_data/max_3_sat/3sat_300_600_15.cnf	300	600	1677607925	591	0.00443934	600	0.27438
test_data/max_3_sat/3sat_300_600_36.cnf	300	600	1677607925	592	0.0036809	600	0.181391
test_data/max_3_sat/3sat_300_600_39.cnf	300	600	1677607925	593	0.00439377	600	0.207257
test_data/max_3_sat/3sat_300_600_7.cnf	300	600	1677607926	593	0.00412683	600	0.152264
test_data/max_3_sat/3sat_300_600_3.cnf	300	600	1677607926	592	0.00538757	600	0.264449
test_data/max_3_sat/3sat_300_600_48.cnf	300	600	1677607926	594	0.00529572	600	0.188687
test_data/max_3_sat/3sat_300_600_24.cnf	300	600	1677607926	598	0.00486225	600	0.0751184
test_data/max_3_sat/3sat_300_600_44.cnf	300	600	1677607926	598	0.00447839	600	0.0337194
test_data/max_3_sat/3sat_300_600_5.cnf	300	600	1677607926	589	0.00329435	600	0.284341
test_data/max_3_sat/3sat_300_600_17.cnf	300	600	1677607927	594	0.00466133	600	0.298068
test_data/max_3_sat/3sat_300_600_10.cnf	300	600	1677607927	596	0.00394865	600	0.0481651
test_data/max_3_sat/3sat_300_600_19.cnf	300	600	1677607927	597	0.00510578	600	0.137137
test_data/max_3_sat/3sat_300_600_29.cnf	300	600	1677607927	595	0.00394261	600	0.145414
test_data/max_3_sat/3sat_300_600_13.cnf	300	600	1677607927	597	0.0047571	600	0.0501136
test_data/max_3_sat/3sat_300_600_38.cnf	300	600	1677607927	597	0.00410953	600	0.14306
test_data/max_3_sat/3sat_300_800_50.cnf	300	800	1677607928	789	0.00672154	800	0.328273
test_data/max_3_sat/3sat_300_800_27.cnf	300	800	1677607928	792	0.00839868	800	0.387072
test_data/max_3_sat/3sat_300_800_38.cnf	300	800	1677607928	788	0.00455922	800	0.705589
test_data/max_3_sat/3sat_300_800_22.cnf	300	800	1677607929	793	0.00680273	800	0.316024
test_data/max_3_sat/3sat_300_800_48.cnf	300	800	1677607929	794	0.00668923	800	0.453641
test_data/max_3_sat/3sat_300_800_35.cnf	300	800	1677607930	794	0.00654521	800	0.618922
test_data/max_3_sat/3sat_300_800_29.cnf	300	800	1677607930	790	0.00625985	800	0.536863
test_data/max_3_sat/3sat_300_800_37.cnf	300	800	1677607931	786	0.00641937	800	0.654439
test_data/max_3_sat/3sat_300_800_39.cnf	300	800	1677607932	791	0.00620639	800	0.48311
test_data/max_3_sat/3sat_300_800_3.cnf	300	800	1677607932	789	0.00697292	800	1.63836
test_data/max_3_sat/3sat_300_800_4.cnf	300	800	1677607934	793	0.00713954	800	0.293812
test_data/max_3_sat/3sat_300_800_43.cnf	300	800	1677607934	790	0.00706223	800	0.634043
test_data/max_3_sat/3sat_300_800_26.cnf	300	800	1677607935	791	0.00737096	800	0.255142
test_data/max_3_sat/3sat_300_800_2.cnf	300	800	1677607935	791	0.00729598	800	0.393503
test_data/max_3_sat/3sat_300_800_21.cnf	300	800	1677607935	795	0.00702803	800	0.458444
test_data/max_3_sat/3sat_300_800_42.cnf	300	800	1677607936	785	0.00506081	800	0.88499
test_data/max_3_sat/3sat_300_800_31.cnf	300	800	1677607937	792	0.00623602	800	0.437159
test_data/max_3_sat/3sat_300_800_14.cnf	300	800	1677607937	790	0.00704502	800	2.90196
test_data/max_3_sat/3sat_300_800_1.cnf	300	800	1677607940	791	0.00788213	800	0.414382
test_data/max_3_sat/3sat_300_800_32.cnf	300	800	1677607941	792	0.00791311	800	0.821427
test_data/max_3_sat/3sat_300_800_33.cnf	300	800	1677607942	785	0.00717279	800	0.62402
test_data/max_3_sat/3sat_300_800_10.cnf	300	800	1677607942	783	0.00761066	800	0.551764
test_data/max_3_sat/3sat_300_800_16.cnf	300	800	1677607943	783	0.00642624	800	0.803315
test_data/max_3_sat/3sat_300_800_5.cnf	300	800	1677607944	787	0.00649639	800	1.01687
test_data/max_3_sat/3sat_300_800_36.cnf	300	800	1677607945	784	0.00729405	800	0.682101
test_data/max_3_sat/3sat_300_800_20.cnf	300	800	1677607945	791	0.00727682	800	0.524981
test_data/max_3_sat/3sat_300_800_23.cnf	300	800	1677607946	789	0.00602082	800	0.378591
test_data/max_3_sat/3sat_300_800_49.cnf	300	800	1677607946	786	0.00609991	800	0.454932
test_data/max_3_sat/3sat_300_800_13.cnf	300	800	1677607947	787	0.00617811	800	0.687333
test_data/max_3_sat/3sat_300_800_44.cnf	300	800	1677607947	792	0.00661546	800	0.328955
test_data/max_3_sat/3sat_300_800_11.cnf	300	800	1677607948	788	0.00568694	800	0.469587
test_data/max_3_sat/3sat_300_800_28.cnf	300	800	1677607948	789	0.00731078	800	0.71328
test_data/max_3_sat/3sat_300_800_40.cnf	300	800	1677607949	787	0.0071327	800	0.294183
test_data/max_3_sat/3sat_300_800_25.cnf	300	800	1677607949	795	0.0068722	800	0.319075
test_data/max_3_sat/3sat_300_800_46.cnf	300	800	1677607950	785	0.00731215	800	1.42769
test_data/max_3_sat/3sat_300_800_45.cnf	300	800	1677607951	793	0.00721059	800	0.189422
test_data/max_3_sat/3sat_300_800_12.cnf	300	800	1677607951	787	0.00728159	800	1.01499
test_data/max_3_sat/3sat_300_800_7.cnf	300	800	1677607952	790	0.0074323	800	0.427767
test_data/max_3_sat/3sat_300_800_6.cnf	300	800	1677607953	789	0.00751139	800	0.261428
test_data/max_3_sat/3sat_300_800_17.cnf	300	800	1677607953	785	0.00767593	800	0.363243
test_data/max_3_sat/3sat_300_800_24.cnf	300	800	1677607953	787	0.00694533	800	0.668693
test_data/max_3_sat/3sat_300_800_47.cnf	300	800	1677607954	791	0.00818332	800	0.665733
test_data/max_3_sat/3sat_300_800_41.cnf	300	800	1677607955	787	0.00637655	800	0.428659
test_data/max_3_sat/3sat_300_800_34.cnf	300	800	1677607955	789	0.00648545	800	0.785154
test_data/max_3_sat/3sat_300_800_8.cnf	300	800	1677607956	787	0.00628756	800	0.534387
test_data/max_3_sat/3sat_300_800_9.cnf	300	800	1677607957	790	0.00700532	800	0.493063
test_data/max_3_sat/3sat_300_800_30.cnf	300	800	1677607957	781	0.00624611	800	0.795062
test_data/max_3_sat/3sat_300_800_15.cnf	300	800	1677607958	786	0.00627108	800	0.424845
test_data/max_3_sat/3sat_300_800_18.cnf	300	800	1677607958	785	0.00634589	800	0.792848
test_data/max_3_sat/3sat_300_800_19.cnf	300	800	1677607959	790	0.00547143	800	0.251802
test_data/max_3_sat/3sat_300_1500_50.cnf	300	1500	1677607959	1450	0.0187063	1471	14.7855
test_data/max_3_sat/3sat_300_1500_40.cnf	300	1500	1677607974	1452	0.0156808	1483	12.0951
test_data/max_3_sat/3sat_300_1500_28.cnf	300	1500	1677607986	1463	0.0163455	1480	13.9639
test_data/max_3_sat/3sat_300_1500_49.cnf	300	1500	1677608000	1460	0.0159895	1485	11.1476
test_data/max_3_sat/3sat_300_1500_13.cnf	300	1500	1677608012	1459	0.0168445	1484	11.7355
test_data/max_3_sat/3sat_300_1500_34.cnf	300	1500	1677608023	1457	0.0174975	1468	14.0855
test_data/max_3_sat/3sat_300_1500_46.cnf	300	1500	1677608037	1462	0.0185312	1462	11.998
test_data/max_3_sat/3sat_300_1500_26.cnf	300	1500	1677608049	1455	0.016595	1483	13.1937
test_data/max_3_sat/3sat_300_1500_6.cnf	300	1500	1677608063	1465	0.0177096	1465	13.265
test_data/max_3_sat/3sat_300_1500_14.cnf	300	1500	1677608076	1470	0.0206466	1470	12.6818
test_data/max_3_sat/3sat_300_1500_47.cnf	300	1500	1677608089	1458	0.013335	1473	12.6219
test_data/max_3_sat/3sat_300_1500_22.cnf	300	1500	1677608101	1443	0.0183471	1469	12.2901
test_data/max_3_sat/3sat_300_1500_39.cnf	300	1500	1677608114	1463	0.014422	1472	12.2522
test_data/max_3_sat/3sat_300_1500_18.cnf	300	1500	1677608126	1451	0.0159954	1473	14.5832
test_data/max_3_sat/3sat_300_1500_42.cnf	300	1500	1677608141	1460	0.0148998	1474	13.8666
test_data/max_3_sat/3sat_300_1500_31.cnf	300	1500	1677608154	1468	0.0202855	1474	11.3254
test_data/max_3_sat/3sat_300_1500_12.cnf	300	1500	1677608166	1447	0.0134023	1460	13.2878
test_data/max_3_sat/3sat_300_1500_3.cnf	300	1500	1677608179	1458	0.0203457	1473	13.9772
test_data/max_3_sat/3sat_300_1500_32.cnf	300	1500	1677608193	1451	0.0156208	1471	14.3906
test_data/max_3_sat/3sat_300_1500_36.cnf	300	1500	1677608208	1464	0.019627	1471	12.8618
test_data/max_3_sat/3sat_300_1500_10.cnf	300	1500	1677608220	1456	0.0182921	1466	13.6707
test_data/max_3_sat/3sat_300_1500_5.cnf	300	1500	1677608234	1465	0.0208318	1479	12.0532
test_data/max_3_sat/3sat_300_1500_7.cnf	300	1500	1677608246	1454	0.0188601	1473	13.5129
test_data/max_3_sat/3sat_300_1500_35.cnf	300	1500	1677608260	1460	0.016705	1484	10.8611
test_data/max_3_sat/3sat_300_1500_37.cnf	300	1500	1677608271	1461	0.0196474	1478	12.5945
test_data/max_3_sat/3sat_300_1500_44.cnf	300	1500	1677608283	1463	0.0172513	1479	12.0509
test_data/max_3_sat/3sat_300_1500_21.cnf	300	1500	1677608295	1461	0.0225353	1474	13.2076
test_data/max_3_sat/3sat_300_1500_2.cnf	300	1500	1677608309	1466	0.0191153	1477	13.4599
test_data/max_3_sat/3sat_300_1500_30.cnf	300	1500	1677608322	1465	0.018805	1480	12.2869
test_data/max_3_sat/3sat_300_1500_43.cnf	300	1500	1677608334	1450	0.0202941	1475	12.5346
test_data/max_3_sat/3sat_300_1500_11.cnf	300	1500	1677608347	1450	0.0149448	1483	11.0963
test_data/max_3_sat/3sat_300_1500_1.cnf	300	1500	1677608358	1461	0.0207516	1483	12.2106
test_data/max_3_sat/3sat_300_1500_15.cnf	300	1500	1677608370	1463	0.0176559	1463	15.307
test_data/max_3_sat/3sat_300_1500_48.cnf	300	1500	1677608386	1449	0.0146855	1484	13.523
test_data/max_3_sat/3sat_300_1500_27.cnf	300	1500	1677608399	1457	0.0173672	1473	11.737
test_data/max_3_sat/3sat_300_1500_24.cnf	300	1500	1677608411	1450	0.0170745	1463	13.135
test_data/max_3_sat/3sat_300_1500_33.cnf	300	1500	1677608424	1443	0.0130393	1461	13.8098
test_data/max_3_sat/3sat_300_1500_25.cnf	300	1500	1677608438	1464	0.015995	1477	13.1433
test_data/max_3_sat/3sat_300_1500_29.cnf	300	1500	1677608451	1461	0.0156848	1471	14.0006
test_data/max_3_sat/3sat_300_1500_19.cnf	300	1500	1677608465	1457	0.0151292	1471	14.3457
test_data/max_3_sat/3sat_300_1500_23.cnf	300	1500	1677608480	1448	0.0142677	1469	13.8478
test_data/max_3_sat/3sat_300_1500_17.cnf	300	1500	1677608493	1452	0.0179042	1468	13.5238
test_data/max_3_sat/3sat_300_1500_41.cnf	300	1500	1677608507	1459	0.0176787	1477	12.2143
test_data/max_3_sat/3sat_300_1500_38.cnf	300	1500	1677608519	1471	0.0167343	1471	11.356
test_data/max_3_sat/3sat_300_1500_45.cnf	300	1500	1677608531	1455	0.015879	1476	12.6272
test_data/max_3_sat/3sat_300_1500_8.cnf	300	1500	1677608543	1465	0.0179896	1484	11.5352
test_data/max_3_sat/3sat_300_1500_9.cnf	300	1500	1677608555	1456	0.0186376	1482	12.5014
test_data/max_3_sat/3sat_300_1500_4.cnf	300	1500	1677608567	1448	0.0185059	1465	16.932
test_data/max_3_sat/3sat_300_1500_20.cnf	300	1500	1677608584	1458	0.0182625	1486	11.4935
test_data/max_3_sat/3sat_300_1500_16.cnf	300	1500	1677608596	1472	0.0188753	1487	11.9994
test_data/max_3_sat/3sat_300_2000_28.cnf	300	2000	1677608608	1933	0.0246938	1954	28.1885
test_data/max_3_sat/3sat_300_2000_21.cnf	300	2000	1677608636	1937	0.0266997	1937	28.2596
test_data/max_3_sat/3sat_300_2000_11.cnf	300	2000	1677608664	1917	0.0227303	1917	29.6659
test_data/max_3_sat/3sat_300_2000_12.cnf	300	2000	1677608694	1938	0.0283652	1951	28.405
test_data/max_3_sat/3sat_300_2000_20.cnf	300	2000	1677608723	1939	0.0312667	1947	29.5601
test_data/max_3_sat/3sat_300_2000_4.cnf	300	2000	1677608752	1933	0.027681	1946	27.4886
test_data/max_3_sat/3sat_300_2000_33.cnf	300	2000	1677608780	1919	0.0222269	1938	28.6165
test_data/max_3_sat/3sat_300_2000_13.cnf	300	2000	1677608808	1937	0.0261064	1943	29.8172
test_data/max_3_sat/3sat_300_2000_45.cnf	300	2000	1677608838	1934	0.0284059	1934	28.2332
test_data/max_3_sat/3sat_300_2000_17.cnf	300	2000	1677608867	1930	0.0250641	1953	29.7939
test_data/max_3_sat/3sat_300_2000_41.cnf	300	2000	1677608896	1915	0.0222858	1946	25.5579
test_data/max_3_sat/3sat_300_2000_50.cnf	300	2000	1677608922	1925	0.02137	1937	29.4051
test_data/max_3_sat/3sat_300_2000_10.cnf	300	2000	1677608951	1928	0.0229039	1928	29.3131
test_data/max_3_sat/3sat_300_2000_9.cnf	300	2000	1677608981	1934	0.023102	1953	26.524
test_data/max_3_sat/3sat_300_2000_38.cnf	300	2000	1677609007	1936	0.02682	1936	26.6043
test_data/max_3_sat/3sat_300_2000_27.cnf	300	2000	1677609034	1913	0.0230857	1952	27.9414
test_data/max_3_sat/3sat_300_2000_49.cnf	300	2000	1677609062	1940	0.0279123	1940	25.7657
test_data/max_3_sat/3sat_300_2000_46.cnf	300	2000	1677609088	1934	0.0303312	1934	28.211
test_data/max_3_sat/3sat_300_2000_35.cnf	300	2000	1677609116	1930	0.028084	1950	29.322
test_data/max_3_sat/3sat_300_2000_26.cnf	300	2000	1677609145	1934	0.0269463	1942	31.8129
test_data/max_3_sat/3sat_300_2000_30.cnf	300	2000	1677609177	1933	0.0276111	1957	30.0544
test_data/max_3_sat/3sat_300_2000_22.cnf	300	2000	1677609207	1919	0.0263542	1936	27.3344
test_data/max_3_sat/3sat_300_2000_23.cnf	300	2000	1677609235	1929	0.0275816	1951	26.6635
test_data/max_3_sat/3sat_300_2000_5.cnf	300	2000	1677609261	1928	0.0242441	1954	28.5561
test_data/max_3_sat/3sat_300_2000_48.cnf	300	2000	1677609290	1934	0.0287536	1950	28.7845
test_data/max_3_sat/3sat_300_2000_14.cnf	300	2000	1677609319	1924	0.0240983	1937	27.9386
test_data/max_3_sat/3sat_300_2000_32.cnf	300	2000	1677609347	1934	0.0338357	1934	30.4631
test_data/max_3_sat/3sat_300_2000_34.cnf	300	2000	1677609377	1931	0.0289989	1931	31.2921
test_data/max_3_sat/3sat_300_2000_47.cnf	300	2000	1677609409	1918	0.0257838	1945	28.4764
test_data/max_3_sat/3sat_300_2000_25.cnf	300	2000	1677609437	1930	0.0267356	1930	33.2916
test_data/max_3_sat/3sat_300_2000_2.cnf	300	2000	1677609470	1933	0.0286075	1943	29.9211
test_data/max_3_sat/3sat_300_2000_43.cnf	300	2000	1677609500	1926	0.0264295	1947	26.8841
test_data/max_3_sat/3sat_300_2000_1.cnf	300	2000	1677609527	1934	0.02478	1954	25.6288
test_data/max_3_sat/3sat_300_2000_42.cnf	300	2000	1677609553	1924	0.0288477	1956	27.2986
test_data/max_3_sat/3sat_300_2000_31.cnf	300	2000	1677609580	1938	0.0328791	1953	25.9595
test_data/max_3_sat/3sat_300_2000_40.cnf	300	2000	1677609606	1917	0.0296808	1934	29.908
test_data/max_3_sat/3sat_300_2000_36.cnf	300	2000	1677609636	1939	0.0283284	1939	29.6406
test_data/max_3_sat/3sat_300_2000_8.cnf	300	2000	1677609666	1930	0.0247634	1942	26.28
test_data/max_3_sat/3sat_300_2000_19.cnf	300	2000	1677609692	1940	0.024834	1954	23.787
test_data/max_3_sat/3sat_300_2000_37.cnf	300	2000	1677609716	1925	0.0176178	1951	26.9062
test_data/max_3_sat/3sat_300_2000_3.cnf	300	2000	1677609743	1924	0.0265535	1945	32.3356
test_data/max_3_sat/3sat_300_2000_39.cnf	300	2000	1677609775	1931	0.0232352	1949	27.0742
test_data/max_3_sat/3sat_300_2000_44.cnf	300	2000	1677609803	1919	0.0224055	1939	31.3558
test_data/max_3_sat/3sat_300_2000_15.cnf	300	2000	1677609834	1924	0.0257759	1942	28.8601
test_data/max_3_sat/3sat_300_2000_24.cnf	300	2000	1677609863	1935	0.0232932	1949	30.0838
test_data/max_3_sat/3sat_300_2000_7.cnf	300	2000	1677609893	1933	0.0317913	1960	25.9313
test_data/max_3_sat/3sat_300_2000_29.cnf	300	2000	1677609919	1919	0.0198728	1942	29.2729
test_data/max_3_sat/3sat_300_2000_16.cnf	300	2000	1677609948	1923	0.0272141	1945	26.0257
test_data/max_3_sat/3sat_300_2000_18.cnf	300	2000	1677609974	1919	0.0252163	1937	32.4526
test_data/max_3_sat/3sat_300_2000_6.cnf	300	2000	1677610007	1916	0.0229276	1933	28.2329
test_data/max_3_sat/3sat_500_5000_40.cnf	500	5000	1677610035	4763	0.128361	4763	327.843
test_data/max_3_sat/3sat_500_5000_12.cnf	500	5000	1677610363	4783	0.143804	4783	313.339
test_data/max_3_sat/3sat_500_5000_13.cnf	500	5000	1677610677	4778	0.137072	4778	331.117
test_data/max_3_sat/3sat_500_5000_3.cnf	500	5000	1677611008	4743	0.129006	4773	348.045
test_data/max_3_sat/3sat_500_5000_34.cnf	500	5000	1677611356	4734	0.124442	4789	344.903
test_data/max_3_sat/3sat_500_5000_35.cnf	500	5000	1677611701	4776	0.126715	4776	337.746
test_data/max_3_sat/3sat_500_5000_27.cnf	500	5000	1677612039	4761	0.111476	4761	350.368
test_data/max_3_sat/3sat_500_5000_31.cnf	500	5000	1677612390	4775	0.141391	4775	306.325
test_data/max_3_sat/3sat_500_5000_36.cnf	500	5000	1677612696	4759	0.125357	4759	338.489
test_data/max_3_sat/3sat_500_5000_5.cnf	500	5000	1677613035	4760	0.115663	4777	313.146
test_data/max_3_sat/3sat_500_5000_17.cnf	500	5000	1677613348	4776	0.130468	4776	314.309
test_data/max_3_sat/3sat_500_5000_20.cnf	500	5000	1677613662	4741	0.119542	4776	328.505
test_data/max_3_sat/3sat_500_5000_47.cnf	500	5000	1677613991	4775	0.131804	4775	327.88
test_data/max_3_sat/3sat_500_5000_45.cnf	500	5000	1677614319	4769	0.152798	4769	348.478
test_data/max_3_sat/3sat_500_5000_50.cnf	500	5000	1677614668	4768	0.11519	4768	320.796
test_data/max_3_sat/3sat_500_5000_15.cnf	500	5000	1677614989	4765	0.118546	4765	307.909
test_data/max_3_sat/3sat_500_5000_38.cnf	500	5000	1677615297	4767	0.134132	4767	333.221
test_data/max_3_sat/3sat_500_5000_33.cnf	500	5000	1677615630	4754	0.112482	4786	308.437
test_data/max_3_sat/3sat_500_5000_2.cnf	500	5000	1677615939	4756	0.125741	4756	340.646
test_data/max_3_sat/3sat_500_5000_29.cnf	500	5000	1677616279	4751	0.156161	4779	339.347
test_data/max_3_sat/3sat_500_5000_24.cnf	500	5000	1677616619	4763	0.149785	4763	329.197
test_data/max_3_sat/3sat_500_5000_44.cnf	500	5000	1677616948	4779	0.13277	4779	319.936
test_data/max_3_sat/3sat_500_5000_25.cnf	500	5000	1677617268	4741	0.141229	4774	357.156
test_data/max_3_sat/3sat_500_5000_30.cnf	500	5000	1677617626	4779	0.131855	4779	331.94
test_data/max_3_sat/3sat_500_5000_46.cnf	500	5000	1677617958	4760	0.125053	4760	342.55
test_data/max_3_sat/3sat_500_5000_28.cnf	500	5000	1677618300	4775	0.126488	4775	303.335
test_data/max_3_sat/3sat_500_5000_21.cnf	500	5000	1677618604	4768	0.151549	4801	323.922
test_data/max_3_sat/3sat_500_5000_48.cnf	500	5000	1677618928	4790	0.148785	4790	335.494
test_data/max_3_sat/3sat_500_5000_7.cnf	500	5000	1677619264	4750	0.122852	4784	333.385
test_data/max_3_sat/3sat_500_5000_16.cnf	500	5000	1677619597	4763	0.145672	4763	338.57
test_data/max_3_sat/3sat_500_5000_26.cnf	500	5000	1677619936	4787	0.156351	4787	324.376
test_data/max_3_sat/3sat_500_5000_14.cnf	500	5000	1677620261	4796	0.149847	4796	315.437
test_data/max_3_sat/3sat_500_5000_23.cnf	500	5000	1677620576	4747	0.130225	4747	320.329
test_data/max_3_sat/3sat_500_5000_49.cnf	500	5000	1677620897	4766	0.1414	4766	320.132
test_data/max_3_sat/3sat_500_5000_11.cnf	500	5000	1677621217	4757	0.127881	4757	321.261
test_data/max_3_sat/3sat_500_5000_32.cnf	500	5000	1677621538	4766	0.131877	4766	346.96
test_data/max_3_sat/3sat_500_5000_19.cnf	500	5000	1677621885	4762	0.123721	4762	339.598
test_data/max_3_sat/3sat_500_5000_41.cnf	500	5000	1677622225	4778	0.143161	4778	327.115
test_data/max_3_sat/3sat_500_5000_1.cnf	500	5000	1677622552	4749	0.121212	4793	311.76
test_data/max_3_sat/3sat_500_5000_39.cnf	500	5000	1677622864	4752	0.130874	4752	306.966
test_data/max_3_sat/3sat_500_5000_10.cnf	500	5000	1677623171	4752	0.103794	4781	323.26
test_data/max_3_sat/3sat_500_5000_6.cnf	500	5000	1677623495	4765	0.122978	4789	326.574
test_data/max_3_sat/3sat_500_5000_22.cnf	500	5000	1677623822	4766	0.135404	4766	329.923
test_data/max_3_sat/3sat_500_5000_43.cnf	500	5000	1677624152	4766	0.143281	4766	318.084
test_data/max_3_sat/3sat_500_5000_9.cnf	500	5000	1677624470	4768	0.140901	4768	324.198
test_data/max_3_sat/3sat_500_5000_8.cnf	500	5000	1677624794	4773	0.145571	4773	313.68
test_data/max_3_sat/3sat_500_5000_42.cnf	500	5000	1677625108	4757	0.129453	4757	315.229
test_data/max_3_sat/3sat_500_5000_18.cnf	500	5000	1677625423	4774	0.141593	4774	337.285
test_data/max_3_sat/3sat_500_5000_4.cnf	500	5000	1677625761	4757	0.139889	4757	354.155
test_data/max_3_sat/3sat_500_5000_37.cnf	500	5000	1677626115	4742	0.111565	4787	338.271
test_data/max_3_sat/3sat_1000_10000_36.cnf	1000	10000	1677626454	9554	0.582587	9554	2456.13
test_data/max_3_sat/3sat_1000_10000_17.cnf	1000	10000	1677628910	9500	0.513591	9500	2409.72
test_data/max_3_sat/3sat_1000_10000_7.cnf	1000	10000	1677631321	9489	0.552543	9546	2315.82
test_data/max_3_sat/3sat_1000_10000_30.cnf	1000	10000	1677633637	9524	0.501425	9524	2283.09
